"Owner","Metafield","Type","Values","Storefront","InCode"
"PRODUCT","shopify.color-pattern","list.metaobject_reference","35","PUBLIC_READ","False"
"PRODUCT","shopify.age-group","list.metaobject_reference","0","PUBLIC_READ","False"
"PRODUCT","shopify--discovery--product_search_boost.queries","list.single_line_text_field","0","PUBLIC_READ","False"
"PRODUCT","shopify--discovery--product_recommendation.related_products","list.product_reference","4","PUBLIC_READ","False"
"PRODUCT","shopify--discovery--product_recommendation.related_products_display","single_line_text_field","6","PUBLIC_READ","False"
"PRODUCT","shopify--discovery--product_recommendation.complementary_products","list.product_reference","6","PUBLIC_READ","False"
"PRODUCT","shopify.material","list.metaobject_reference","1","PUBLIC_READ","False"
"PRODUCT","shopify.target-gender","list.metaobject_reference","2","PUBLIC_READ","False"
"PRODUCT","shopify.gearing-type","list.metaobject_reference","9","PUBLIC_READ","False"
"PRODUCT","shopify.battery-type","list.metaobject_reference","6","PUBLIC_READ","False"
"PRODUCT","shopify.battery-size","list.metaobject_reference","4","PUBLIC_READ","False"
"PRODUCT","shopify.bicycle-features","list.metaobject_reference","15","PUBLIC_READ","False"
"PRODUCT","shopify.wheel-type","list.metaobject_reference","16","PUBLIC_READ","False"
"PRODUCT","shopify.features","list.metaobject_reference","10","PUBLIC_READ","False"
"PRODUCT","custom.product_policy","metaobject_reference","3","PUBLIC_READ","False"
"PRODUCT","custom.product_bundles","list.product_reference","1","PUBLIC_READ","False"
"PRODUCT","custom.frequently_bought_together","list.product_reference","2","PUBLIC_READ","False"
"PRODUCT","custom.feature_grid","list.metaobject_reference","5","PUBLIC_READ","False"
"PRODUCT","custom.product_videos","list.metaobject_reference","1","PUBLIC_READ","False"
"PRODUCT","custom.specifications","list.metaobject_reference","1","PUBLIC_READ","False"
"PRODUCT","custom.benefits_grid","list.metaobject_reference","5","PUBLIC_READ","False"
"PRODUCT","shopify.electric-bike-class","list.metaobject_reference","0","PUBLIC_READ","False"
"PRODUCT","shopify.disclosure","list.disclosure_reference","1","PUBLIC_READ","False"
"PRODUCT","shopify.bicycle-frame-design","list.metaobject_reference","0","PUBLIC_READ","False"
"PRODUCT","shopify.bicycle-suspension-type","list.metaobject_reference","0","PUBLIC_READ","False"
"PRODUCT","shopify.motor-position","list.metaobject_reference","0","PUBLIC_READ","False"
"PRODUCT","custom.technical_specification","metaobject_reference","3","PUBLIC_READ","False"
"PRODUCT","custom.expert_reviews","list.metaobject_reference","5","PUBLIC_READ","True"
"PRODUCT","custom.featured_highlights","list.metaobject_reference","4","PUBLIC_READ","False"
"PRODUCT","reviews.rating","rating","2","PUBLIC_READ","False"
"PRODUCT","reviews.rating_count","number_integer","2","PUBLIC_READ","False"
"PRODUCT","shopify.tricycle-design","list.metaobject_reference","2","PUBLIC_READ","False"
"PRODUCT","mm-google-shopping.custom_product","boolean","0","NONE","False"
"PRODUCT","custom.trust_badges","list.mixed_reference","1","PUBLIC_READ","True"
"PRODUCT","custom.product_specs","list.mixed_reference","1","PUBLIC_READ","True"
"PRODUCT","custom.technical_specifications","page_reference","1","PUBLIC_READ","True"
"PRODUCTVARIANT","mm-google-shopping.custom_label_4","single_line_text_field","0","NONE","False"
"PRODUCTVARIANT","mm-google-shopping.custom_label_3","single_line_text_field","0","NONE","False"
"PRODUCTVARIANT","mm-google-shopping.custom_label_2","single_line_text_field","0","NONE","False"
"PRODUCTVARIANT","mm-google-shopping.custom_label_1","single_line_text_field","0","NONE","False"
"PRODUCTVARIANT","mm-google-shopping.custom_label_0","single_line_text_field","0","NONE","False"
"PRODUCTVARIANT","mm-google-shopping.size_system","single_line_text_field","0","NONE","False"
"PRODUCTVARIANT","mm-google-shopping.size_type","single_line_text_field","0","NONE","False"
"PRODUCTVARIANT","mm-google-shopping.mpn","single_line_text_field","0","NONE","False"
"PRODUCTVARIANT","mm-google-shopping.gender","single_line_text_field","0","NONE","False"
"PRODUCTVARIANT","mm-google-shopping.condition","single_line_text_field","0","NONE","False"
"PRODUCTVARIANT","mm-google-shopping.age_group","single_line_text_field","0","NONE","False"
"COLLECTION","custom.after_item_lists","page_reference","10","PUBLIC_READ","True"
"COLLECTION","custom.related_articles","list.article_reference","2","PUBLIC_READ","False"
"COLLECTION","custom.sub_collections","list.collection_reference","2","PUBLIC_READ","True"
"COLLECTION","custom.pages","list.page_reference","1","PUBLIC_READ","False"
"COLLECTION","custom.posts","list.article_reference","1","PUBLIC_READ","True"
"COLLECTION","custom.articles","list.article_reference","1","PUBLIC_READ","False"
"COLLECTION","custom.related_posts","list.article_reference","0","PUBLIC_READ","False"
"COLLECTION","custom.featured_articles","list.article_reference","1","PUBLIC_READ","False"
"COLLECTION","custom.related_post_cards","list.article_reference","2","PUBLIC_READ","False"
"COLLECTION","custom.related_products","list.product_reference","0","PUBLIC_READ","False"
"COLLECTION","custom.promo_banner","metaobject_reference","0","PUBLIC_READ","False"
"COLLECTION","custom.sponsored_ads","list.mixed_reference","1","PUBLIC_READ","False"
"COLLECTION","custom.product_card_style","single_line_text_field","1","PUBLIC_READ","False"
"ARTICLE","custom.author_profile","mixed_reference","1","PUBLIC_READ","True"
"PAGE","custom.after_item_lists","page_reference","0","PUBLIC_READ","True"
"PAGE","custom.collections","list.collection_reference","1","PUBLIC_READ","False"
"PAGE","custom.layout_blocks","json","0","PUBLIC_READ","False"
"SHOP","mp-tiktok-feed.data","json","1","PUBLIC_READ","False"
"SHOP","mm_google_shopping_extension.show_store_widget_app_embed_block","boolean","0","NONE","False"
"SHOP","mm_google_shopping_extension.merchant_id","single_line_text_field","1","NONE","False"
