"route","title","published","words"
"/pages/about","About","True","339"
"/pages/about-us","About us","True","0"
"/pages/accessories","accessories","True","0"
"/pages/adjustable-commuter-electric-scooters-after-item-listings","Adjustable Commuter Electric Scooters - after item listings","True","373"
"/pages/after-items-electric-bikes","Electric Bikes - After-Item Listings","True","369"
"/pages/anti-slip-commuter-electric-scooters-after-item-listings","Anti-Slip Commuter Electric Scooters - after item listings","True","324"
"/pages/blog","blog","True","0"
"/pages/brands","Brands","True","0"
"/pages/cart-upsell","cart-upsell","True","0"
"/pages/commuter-electric-scooters-after-item-lists","Commuter Electric Scooters After Item Lists","True","296"
"/pages/commuter-electric-scooters-with-storage-after-item-listings","Commuter Electric Scooters with Storage - After Item Listings","True","344"
"/pages/compare","Compare","True","0"
"/pages/contact","Contact","True","0"
"/pages/contact-1","Contact","True","0"
"/pages/data-sharing-opt-out","Your Privacy Choices","True","184"
"/pages/discover","Discover","True","0"
"/pages/electric-bike-store-page","electric bike store page","True","0"
"/pages/electric-bikes","electric bikes","True","183"
"/pages/electric-cargo-bikes-after-item","Electric Cargo Bikes - After Item","True","3"
"/pages/electric-city-bikes-after-item","Electric City Bikes - After Item","True","3"
"/pages/electric-fat-bikes-after-item","Electric Fat Bikes - After Item","True","3"
"/pages/electric-folding-bikes-after-item","Electric Folding Bikes - After Item","True","3"
"/pages/electric-mountain-bikes-after-item","Electric Mountain Bikes [AFTER-ITEM]","True","3"
"/pages/electric-scooter-for-kids-after-item","electric scooter for kids after-item","True","369"
"/pages/electric-scooter-parts-after-item-listings","Electric Scooter Parts - After Item Listings","True","285"
"/pages/electric-scooters","electric scooters","True","220"
"/pages/electric-scooters-after-item-listings","Electric Scooters - After Item Listings","True","220"
"/pages/electric-skateboards","electric skateboards","True","0"
"/pages/electric-skateboards-after-item-lists","Electric Skateboards - After-item lists","True","183"
"/pages/expert-curated-electric-scooter-kick-scooter-brands-scooterbio","Expert-Curated Electric Scooter & Kick Scooter Brands | ScooterBio","True","0"
"/pages/expert-tested-electric-bikes","Expert-Tested Electric Bikes","True","0"
"/pages/faq-example","FAQ - Example","True","295"
"/pages/faq-template","FAQ - Template","True","39"
"/pages/faqs","FAQs","True","0"
"/pages/foldable-commuter-electric-scooters-after-item-listings","Foldable Commuter Electric Scooters - After Item Listings","True","256"
"/pages/frequently-asked-questions-ace-p-51-electric-bike","FAQs - ace-p-51-electric-bike","True","414"
"/pages/frequently-asked-questions-apex-pro-commuting-electric-scooter","FAQs: GOTRAX Apex PRO Commuting Electric Scooter","True","143"
"/pages/frequently-asked-questions-apollo-city-24","FAQs: Apollo City","True","143"
"/pages/frequently-asked-questions-apollo-explore-2-0","FAQs: Apollo Explore 2.0","True","143"
"/pages/frequently-asked-questions-apollo-phantom-2-0","FAQs: Apollo Phantom 2.0 (52V)","True","143"
"/pages/frequently-asked-questions-aventon-level-3-electric-commuter-bike","FAQs: Aventon Level 3 Electric Commuter Bike","True","147"
"/pages/frequently-asked-questions-aventon-level-4-adv-electric-commuter-bike","FAQs: Aventon Level 4 ADV Electric Commuter Bike","True","147"
"/pages/frequently-asked-questions-aventon-level-4-rec-electric-commuter-bike","FAQs: Aventon Level 4 REC Electric Commuter Bike","True","147"
"/pages/frequently-asked-questions-aventon-pace-5-rec-step-through-electric-cruiser-bike","FAQs: Aventon Pace 5 REC Step-Through Electric Cruiser Bike","True","147"
"/pages/frequently-asked-questions-aventon-soltera-2-5-electric-commuter-bike","FAQs: Aventon Soltera 2.5 Electric Commuter Bike","True","147"
"/pages/frequently-asked-questions-aventon-soltera-3-adv-electric-commuter-bike","FAQs: Aventon Soltera 3 ADV Electric Commuter Bike","True","147"
"/pages/frequently-asked-questions-g3-max-electric-scooter","FAQs: GOTRAX G3 MAX Long Range eScooter","True","143"
"/pages/frequently-asked-questions-g6-electric-scooter","FAQs: GOTRAX G6 Commute Electric Scooter","True","143"
"/pages/geometry-ace-p-51-electric-bike","Geometry - ace-p-51-electric-bike","True","0"
"/pages/gotrax-electric-scooter-error-codes","gotrax-electric-scooter-error-codes","True","0"
"/pages/gotrax-manuals","gotrax-manuals","True","0"
"/pages/gotrax-parts-by-model","gotrax-parts-by-model","True","0"
"/pages/gotrax-product-guides","gotrax-product-guides","True","0"
"/pages/gotrax-troubleshooting","gotrax-troubleshooting","True","0"
"/pages/gotrax-warranty-support","gotrax-warranty-support","True","0"
"/pages/lectric-xpeak2-step-thru-ebike-faqs","Lectric XPeak2 Step-Thru eBike - FAQs","True","544"
"/pages/lectric-xpeak2-step-thru-ebike-specifications","Lectric XPeak2 Step-Thru eBike - specifications","True","257"
"/pages/off-road-electric-scooters","off-road-electric-scooters","True","917"
"/pages/off-road-electric-scooters-after-item-lists","Off Road Electric Scooters After-Item Lists","True","305"
"/pages/performance-electric-scooters-after-item-listings","Performance Electric Scooters - After Item Listings","True","384"
"/pages/privacy-policy","Privacy Policy","True","0"
"/pages/product-compare","Product Compare","True","0"
"/pages/product-specs-ace-p-51-bullet-gen-3-electric-bike","Product Specs | Ace P-51 Bullet Gen 3 Electric Bike","True","307"
"/pages/product-specs-example","Product Specs | Example","True","976"
"/pages/product-specs-template","Product Specs | Template","True","358"
"/pages/recently-viewed-products","Recently Viewed Products","True","0"
"/pages/sales","Sales","True","0"
"/pages/size-guide","Size Guide","True","0"
"/pages/sizing-ace-p-51-electric-bike","Sizing - ace-p-51-electric-bike","True","0"
"/pages/specifications-ace-p-51-electric-bike","specifications-ace-p-51-electric-bike","True","327"
"/pages/technical-specifications-aventon-level-4-rec-electric-commuter-bike","technical specifications - aventon level 4 rec electric commuter bike","True","257"
"/pages/term-condition","Term & Condition","True","0"
"/pages/track","Track an order","True","3"
"/pages/wishlist","Wishlist","True","0"
"/pages/your-privacy-choices","Your Privacy Choices","True","184"
